[{"model": "contenttypes.contenttype", "pk": 1, "fields": {"app_label": "admin", "model": "logentry"}}, {"model": "contenttypes.contenttype", "pk": 2, "fields": {"app_label": "auth", "model": "permission"}}, {"model": "contenttypes.contenttype", "pk": 3, "fields": {"app_label": "auth", "model": "group"}}, {"model": "contenttypes.contenttype", "pk": 4, "fields": {"app_label": "auth", "model": "user"}}, {"model": "contenttypes.contenttype", "pk": 5, "fields": {"app_label": "contenttypes", "model": "contenttype"}}, {"model": "contenttypes.contenttype", "pk": 6, "fields": {"app_label": "sessions", "model": "session"}}, {"model": "contenttypes.contenttype", "pk": 7, "fields": {"app_label": "Tabook_models", "model": "authenticator"}}, {"model": "contenttypes.contenttype", "pk": 8, "fields": {"app_label": "Tabook_models", "model": "customer"}}, {"model": "contenttypes.contenttype", "pk": 9, "fields": {"app_label": "Tabook_models", "model": "restaurant"}}, {"model": "contenttypes.contenttype", "pk": 10, "fields": {"app_label": "Tabook_models", "model": "restauranthours"}}, {"model": "contenttypes.contenttype", "pk": 11, "fields": {"app_label": "Tabook_models", "model": "table"}}, {"model": "contenttypes.contenttype", "pk": 12, "fields": {"app_label": "Tabook_models", "model": "reservation"}}, {"model": "contenttypes.contenttype", "pk": 13, "fields": {"app_label": "Tabook_models", "model": "review"}}, {"model": "sessions.session", "pk": "643c7wptdau5306vam84el5cebpi4i8g", "fields": {"session_data": "Y2U5MTMwZDVkMzBjM2U1ODIzN2ZlNTY0ZTI4YjdiNzVhODQyZTRmYzp7Il9hdXRoX3VzZXJfaGFzaCI6ImMxM2M4NDYxZDljMzdhZjk4ZWYxZDBlNzAyYmEwMzdkNDc4ZTJmODYiLCJfYXV0aF91c2VyX2lkIjoiMiIsIl9hdXRoX3VzZXJfYmFja2VuZCI6ImRqYW5nby5jb250cmliLmF1dGguYmFja2VuZHMuTW9kZWxCYWNrZW5kIn0=", "expire_date": "2016-04-05T02:54:12.559Z"}}, {"model": "sessions.session", "pk": "fvrcc8rhklb5wrb9lg3qmm4rlyb9dxlu", "fields": {"session_data": "ZGNiNjBiMjBlOGEzYTYxOTY3YzIyNGQ3ZTlhYWY0YzZiMjI2ZjQ4Mjp7Il9hdXRoX3VzZXJfYmFja2VuZCI6ImRqYW5nby5jb250cmliLmF1dGguYmFja2VuZHMuTW9kZWxCYWNrZW5kIiwiX2F1dGhfdXNlcl9pZCI6IjEiLCJfYXV0aF91c2VyX2hhc2giOiIwOTI2ZDMyZjQ0ZjYzM2RhMmExMjY3Y2UwYWQ3ZmY2ZGY5ZGQ1MmFmIn0=", "expire_date": "2016-04-04T21:12:19.247Z"}}, {"model": "sessions.session", "pk": "q77i800vpvyr2dpn4gqe5965fq81v5iu", "fields": {"session_data": "ZjFjOWM0YzlmNzgyMmQ0NzUyMTgwZjU5ZDllNmE0ODlkZjNhMDU5YTp7Il9hdXRoX3VzZXJfYmFja2VuZCI6ImRqYW5nby5jb250cmliLmF1dGguYmFja2VuZHMuTW9kZWxCYWNrZW5kIiwiX2F1dGhfdXNlcl9oYXNoIjoiMDkyNmQzMmY0NGY2MzNkYTJhMTI2N2NlMGFkN2ZmNmRmOWRkNTJhZiIsIl9hdXRoX3VzZXJfaWQiOiIxIn0=", "expire_date": "2016-05-03T03:17:09.195Z"}}, {"model": "sessions.session", "pk": "zz66nthwd5rypywnl9ufgc5w5vnilpae", "fields": {"session_data": "ZjE4NmY1YzEzM2Y2ODFlMDg3OTVmMGRhNzMyNWFjY2U3NWQwZTFhMzp7Il9hdXRoX3VzZXJfaWQiOiIyIiwiX2F1dGhfdXNlcl9iYWNrZW5kIjoiZGphbmdvLmNvbnRyaWIuYXV0aC5iYWNrZW5kcy5Nb2RlbEJhY2tlbmQiLCJfYXV0aF91c2VyX2hhc2giOiJjMTNjODQ2MWQ5YzM3YWY5OGVmMWQwZTcwMmJhMDM3ZDQ3OGUyZjg2In0=", "expire_date": "2016-04-16T23:51:47.106Z"}}, {"model": "Tabook_models.authenticator", "pk": "0134dfb0691ed58c7829352307097a357852cc8db25a010d8912abcce0af064b", "fields": {"date_created": "2016-04-19T03:18:25.625Z", "user_id": 10, "user_type": "C"}}, {"model": "Tabook_models.authenticator", "pk": "021fc27df016ff1c94bf4a4bbd17bce56ba8cd85d68e27e4fb7195b7db0c01d6", "fields": {"date_created": "2016-03-21T22:45:22.401Z", "user_id": 5, "user_type": "C"}}, {"model": "Tabook_models.authenticator", "pk": "02d05e92ee44582cbe7c1139f4200168fd1a5d14c0b2c87e376510b04e8cd0d2", "fields": {"date_created": "2016-04-01T21:16:25.441Z", "user_id": 6, "user_type": "C"}}, {"model": "Tabook_models.authenticator", "pk": "17408dfe2b54477b919120275d2cfc0884e15c6bd1e5ffc9e782070003e1d6ec", "fields": {"date_created": "2016-04-19T03:31:11.994Z", "user_id": 10, "user_type": "C"}}, {"model": "Tabook_models.authenticator", "pk": "2e3a1a809d990d3f5b198423883ddc5d705aef510c1c8c245c69b5402d7564f8", "fields": {"date_created": "2016-04-19T03:18:44.069Z", "user_id": 10, "user_type": "C"}}, {"model": "Tabook_models.authenticator", "pk": "49770f469b9233215d36d23009f7424db7f03f639f731cda5e426a7f284fba92", "fields": {"date_created": "2016-04-19T03:06:36.115Z", "user_id": 9, "user_type": "C"}}, {"model": "Tabook_models.authenticator", "pk": "4b88d77445075fe10cc5fbe4173823d6bac2d147daf531053bcaf888cbe337d4", "fields": {"date_created": "2016-04-19T03:15:31.656Z", "user_id": 9, "user_type": "C"}}, {"model": "Tabook_models.authenticator", "pk": "6146fefcab94ebcea653b40a392ced9309118bac15a86fd506480a8e92d6c773", "fields": {"date_created": "2016-03-22T03:45:54.532Z", "user_id": 1, "user_type": "C"}}, {"model": "Tabook_models.authenticator", "pk": "6609a8fb5504d1d28477461b7552f6d4a13b8200b7254bde555f87523aeefddb", "fields": {"date_created": "2016-03-30T17:38:28.235Z", "user_id": 6, "user_type": "C"}}, {"model": "Tabook_models.authenticator", "pk": "6aada8d0dabd2192799bad965a851d8e640752c328f73959a410a7fafc9ca1b3", "fields": {"date_created": "2016-03-21T21:46:19.679Z", "user_id": 4, "user_type": "C"}}, {"model": "Tabook_models.authenticator", "pk": "6b06322d1ac410fcab45bbbbfdcc92907d3d7ed04004b74d3a415500cd097333", "fields": {"date_created": "2016-03-31T21:44:45.473Z", "user_id": 6, "user_type": "C"}}, {"model": "Tabook_models.authenticator", "pk": "6cc9b6f874658ff95070c1c49ed6b833e78703413d3824303c63d0c1d67f1dd1", "fields": {"date_created": "2016-04-19T03:33:12.060Z", "user_id": 10, "user_type": "C"}}, {"model": "Tabook_models.authenticator", "pk": "6d721c017563efeaa5b91d1c35e9cdf80121da458cfc751564bc29ed18b42b38", "fields": {"date_created": "2016-04-19T03:15:46.931Z", "user_id": 9, "user_type": "C"}}, {"model": "Tabook_models.authenticator", "pk": "973f7c82da0a58d4ed51c34070a55056627207ca45d884a3fff6af820a0db5c0", "fields": {"date_created": "2016-04-02T23:36:16.731Z", "user_id": 8, "user_type": "C"}}, {"model": "Tabook_models.authenticator", "pk": "ab75da8414e81d6ae43e237eb5dd2c47babb6ad59de1888686cc9ccd4fc76634", "fields": {"date_created": "2016-03-22T01:14:04.848Z", "user_id": 1, "user_type": "C"}}, {"model": "Tabook_models.authenticator", "pk": "ac990bd3f471a7adc2a9521d2265d1fdfce926870c045b0fae4b1af35d5c54da", "fields": {"date_created": "2016-03-22T00:03:01.801Z", "user_id": 4, "user_type": "C"}}, {"model": "Tabook_models.authenticator", "pk": "bee2ce81c9d15655bd361918c25d7a75a4abe7db44742d7e2616f0adc44dba53", "fields": {"date_created": "2016-04-19T03:18:48.498Z", "user_id": 10, "user_type": "C"}}, {"model": "Tabook_models.authenticator", "pk": "c9727ab0dc12d6628a58c6240f6e3ac4ee8fe4abe63900060ec71b4a0b39fabc", "fields": {"date_created": "2016-03-22T00:15:11.281Z", "user_id": 1, "user_type": "C"}}, {"model": "Tabook_models.authenticator", "pk": "d27a32392fdb51518c6f1389d81e50190c79d9219464f55efa06ff048314bad2", "fields": {"date_created": "2016-04-01T21:29:05.128Z", "user_id": 6, "user_type": "C"}}, {"model": "Tabook_models.authenticator", "pk": "dac2cf34793924e96f134d84f00f80ee3e45d1a79b343c4a330cdf152fd36b71", "fields": {"date_created": "2016-03-21T22:55:10.625Z", "user_id": 4, "user_type": "C"}}, {"model": "Tabook_models.authenticator", "pk": "e8bd4e8218f79a66d87e65fcc4a90c6525d31085b75e5880ecf9db3ff6a7acde", "fields": {"date_created": "2016-04-01T15:05:05.600Z", "user_id": 6, "user_type": "C"}}, {"model": "Tabook_models.authenticator", "pk": "f6222101b20c317e9e0b9675368373ec212152cfb52827180d2a327a475d8242", "fields": {"date_created": "2016-04-19T03:15:51.265Z", "user_id": 9, "user_type": "C"}}, {"model": "Tabook_models.customer", "pk": 1, "fields": {"phone": "12345", "first_name": "cus1", "email": "cus1@123.com", "last_name": "customer1", "username": "cus1", "password": "pbkdf2_sha256$20000$t3I6zx4xV7ym$AqTP7sl3XGwPce6/XoJDulojXAsGIEIGOXaZvKFeELA="}}, {"model": "Tabook_models.customer", "pk": 2, "fields": {"phone": "1234523", "first_name": "cus2", "email": "cus2@123.com", "last_name": "customer2", "username": "cus2", "password": "pbkdf2_sha256$20000$arw4HymRdpQw$jVli5qGek7KQLSAFtLUNY1qIO0aZu92qbgfaAEvKFoE="}}, {"model": "Tabook_models.customer", "pk": 3, "fields": {"phone": "1567654333", "first_name": "cus3", "email": "cus3@123.com", "last_name": "customer3", "username": "cus3", "password": "pbkdf2_sha256$20000$BGNAnWs9Yd4T$IOHOWyBz7YAMdn9QsVXa6EeB9fSAD7lFuuKXBpXS0dI="}}, {"model": "Tabook_models.customer", "pk": 4, "fields": {"phone": "", "first_name": "", "email": "", "last_name": "", "username": "cus4", "password": "pbkdf2_sha256$20000$usNlmIR8AwJd$Pcy1vjyUUK5vxAPSdfnP2bSt7Ub5tsX8z5jEffrUjmE="}}, {"model": "Tabook_models.customer", "pk": 5, "fields": {"phone": "", "first_name": "", "email": "", "last_name": "", "username": "cus5", "password": "pbkdf2_sha256$20000$VtVYvXCG8cBa$4LjgXVbzH4ZZPu+2fsocN0bJqxrsGxkQ1rrCqMfTibc="}}, {"model": "Tabook_models.customer", "pk": 6, "fields": {"phone": "", "first_name": "", "email": "", "last_name": "", "username": "eliza", "password": "pbkdf2_sha256$20000$eVmBPaRRTqQQ$um0Nm5lEnn+Nob001cZfK6SOoFz2BShnruVhUMrrxdk="}}, {"model": "Tabook_models.customer", "pk": 7, "fields": {"phone": "", "first_name": "", "email": "", "last_name": "", "username": "db", "password": "pbkdf2_sha256$20000$qTOWvMdF9buJ$O+fgSXGesuinmfIr0XQp7WYbFxQe7UTHzwglYbRLGn0="}}, {"model": "Tabook_models.customer", "pk": 8, "fields": {"phone": "", "first_name": "", "email": "", "last_name": "", "username": "dd", "password": "pbkdf2_sha256$20000$6Ms0J4DFeKyu$xG08NhQhz8aUsnkz/DU4zNgX3aNFix9m8DKg3ckJEPA="}}, {"model": "Tabook_models.customer", "pk": 10, "fields": {"phone": "", "first_name": "", "email": "", "last_name": "", "username": "admin", "password": "pbkdf2_sha256$20000$ah1qwkOwdS1T$j7+hq5z4bxE12GkQiG1hmStBHIkjoEILY1FAlOzXlA0="}}, {"model": "Tabook_models.restaurant", "pk": 1, "fields": {"phone": "122334", "address": "somewhere", "email": "123@123.com", "category": "unclassified", "username": "rest1", "password": "pbkdf2_sha256$20000$zdQVsgDMne0M$rwd1g8P5fKpXXpO3dxl7M3PJoCMXhsUPr5MUlYjx19g=", "price_range": 1, "restaurant_name": "Starbucks"}}, {"model": "Tabook_models.restaurant", "pk": 2, "fields": {"phone": "1234", "address": "barracks road", "email": "rest2@123.com", "category": "unclassified", "username": "rest2", "password": "pbkdf2_sha256$20000$ZlQgGquVg2Yz$ihhjsfiHmu065qhkB0JH3VcCgO/k/KkkCnnprlsQ+Ro=", "price_range": 0, "restaurant_name": "restaurant2"}}, {"model": "Tabook_models.restaurant", "pk": 3, "fields": {"phone": "1234355", "address": "the corner", "email": "rest3@123.com", "category": "unclassified", "username": "rest3", "password": "pbkdf2_sha256$20000$wGCXJ7DGiQyW$npSQTUGa3MY5bhFK1hOJC6d5lPFgQCnmyBgTQnXgRWU=", "price_range": 2, "restaurant_name": "restaurant3"}}, {"model": "Tabook_models.restaurant", "pk": 4, "fields": {"phone": "12343456", "address": "No123, C'ville downtown", "email": "rest4@123.com", "category": "unclassified", "username": "rest4", "password": "pbkdf2_sha256$20000$UEpuK93SmBNN$uLhW5Jd/ULWMZDbgvW1C3SFs14K7z+fJfjG2lqCxQnY=", "price_range": 0, "restaurant_name": "restaurant4"}}, {"model": "Tabook_models.table", "pk": 1, "fields": {"x_coordinate": null, "restaurant": 1, "capacity": 6, "style": "unspecified", "y_coordinate": null}}, {"model": "Tabook_models.table", "pk": 2, "fields": {"x_coordinate": null, "restaurant": 1, "capacity": 6, "style": "unspecified", "y_coordinate": null}}, {"model": "Tabook_models.table", "pk": 3, "fields": {"x_coordinate": null, "restaurant": 1, "capacity": 4, "style": "unspecified", "y_coordinate": null}}, {"model": "Tabook_models.table", "pk": 4, "fields": {"x_coordinate": null, "restaurant": 2, "capacity": 4, "style": "unspecified", "y_coordinate": null}}, {"model": "Tabook_models.table", "pk": 5, "fields": {"x_coordinate": null, "restaurant": 2, "capacity": 4, "style": "unspecified", "y_coordinate": null}}, {"model": "Tabook_models.table", "pk": 6, "fields": {"x_coordinate": null, "restaurant": 3, "capacity": 2, "style": "unspecified", "y_coordinate": null}}, {"model": "Tabook_models.table", "pk": 7, "fields": {"x_coordinate": null, "restaurant": 3, "capacity": 2, "style": "unspecified", "y_coordinate": null}}, {"model": "Tabook_models.table", "pk": 8, "fields": {"x_coordinate": null, "restaurant": 4, "capacity": 6, "style": "unspecified", "y_coordinate": null}}, {"model": "Tabook_models.table", "pk": 9, "fields": {"x_coordinate": null, "restaurant": 4, "capacity": 4, "style": "unspecified", "y_coordinate": null}}, {"model": "Tabook_models.reservation", "pk": 1, "fields": {"created": "2016-03-21T21:34:00.528Z", "start_time": "2016-04-21T21:00:00Z", "status": "confirmed", "table": 1, "customer": 1, "end_time": "2016-04-21T22:00:00Z"}}, {"model": "Tabook_models.reservation", "pk": 2, "fields": {"created": "2016-03-21T21:34:33.207Z", "start_time": "2016-04-30T12:00:00Z", "status": "pending", "table": 1, "customer": 1, "end_time": "2016-04-30T13:00:00Z"}}, {"model": "Tabook_models.reservation", "pk": 3, "fields": {"created": "2016-03-21T21:35:19.085Z", "start_time": "2016-05-01T12:00:00Z", "status": "active", "table": 1, "customer": 2, "end_time": "2016-05-01T14:00:00Z"}}, {"model": "Tabook_models.reservation", "pk": 4, "fields": {"created": "2016-03-21T21:37:19.295Z", "start_time": "2016-05-30T18:00:00Z", "status": "cancelled", "table": 1, "customer": 3, "end_time": "2016-05-30T19:30:00Z"}}, {"model": "Tabook_models.reservation", "pk": 5, "fields": {"created": "2016-04-01T15:06:04.192Z", "start_time": "2016-04-01T15:06:04.159Z", "status": "", "table": 1, "customer": 6, "end_time": "2016-04-01T15:06:04.159Z"}}, {"model": "Tabook_models.reservation", "pk": 6, "fields": {"created": "2016-04-01T20:37:18.318Z", "start_time": "2016-04-01T20:37:18.286Z", "status": "", "table": 1, "customer": 7, "end_time": "2016-04-01T20:37:18.286Z"}}, {"model": "Tabook_models.reservation", "pk": 35, "fields": {"created": "2016-04-01T01:08:38.749Z", "start_time": "2016-04-01T01:08:38.721Z", "status": "", "table": 7, "customer": 6, "end_time": "2016-04-01T01:08:38.721Z"}}, {"model": "Tabook_models.reservation", "pk": 36, "fields": {"created": "2016-04-01T01:21:56.304Z", "start_time": "2016-04-01T01:21:56.274Z", "status": "", "table": 7, "customer": 6, "end_time": "2016-04-01T01:21:56.274Z"}}, {"model": "Tabook_models.reservation", "pk": 37, "fields": {"created": "2016-04-01T01:21:58.910Z", "start_time": "2016-04-01T01:21:58.886Z", "status": "", "table": 6, "customer": 6, "end_time": "2016-04-01T01:21:58.886Z"}}, {"model": "Tabook_models.reservation", "pk": 38, "fields": {"created": "2016-04-01T01:22:03.797Z", "start_time": "2016-04-01T01:22:03.776Z", "status": "", "table": 6, "customer": 6, "end_time": "2016-04-01T01:22:03.776Z"}}, {"model": "Tabook_models.reservation", "pk": 39, "fields": {"created": "2016-04-01T01:22:51.606Z", "start_time": "2016-04-01T01:22:51.581Z", "status": "", "table": 1, "customer": 6, "end_time": "2016-04-01T01:22:51.581Z"}}, {"model": "Tabook_models.reservation", "pk": 40, "fields": {"created": "2016-04-01T01:22:53.626Z", "start_time": "2016-04-01T01:22:53.605Z", "status": "", "table": 3, "customer": 6, "end_time": "2016-04-01T01:22:53.605Z"}}, {"model": "Tabook_models.reservation", "pk": 41, "fields": {"created": "2016-04-01T01:22:58.113Z", "start_time": "2016-04-01T01:22:58.092Z", "status": "", "table": 2, "customer": 6, "end_time": "2016-04-01T01:22:58.092Z"}}, {"model": "Tabook_models.reservation", "pk": 42, "fields": {"created": "2016-04-01T01:23:01.130Z", "start_time": "2016-04-01T01:23:01.110Z", "status": "", "table": 1, "customer": 6, "end_time": "2016-04-01T01:23:01.110Z"}}, {"model": "Tabook_models.reservation", "pk": 43, "fields": {"created": "2016-04-01T22:04:22.970Z", "start_time": "2016-04-01T22:04:22.928Z", "status": "", "table": 1, "customer": 6, "end_time": "2016-04-01T22:04:22.928Z"}}, {"model": "Tabook_models.reservation", "pk": 44, "fields": {"created": "2016-04-01T22:05:35.381Z", "start_time": "2016-04-01T22:05:35.350Z", "status": "", "table": 1, "customer": 6, "end_time": "2016-04-01T22:05:35.350Z"}}, {"model": "Tabook_models.reservation", "pk": 45, "fields": {"created": "2016-04-01T22:05:35.527Z", "start_time": "2016-04-01T22:05:35.501Z", "status": "", "table": 1, "customer": 6, "end_time": "2016-04-01T22:05:35.501Z"}}, {"model": "Tabook_models.reservation", "pk": 46, "fields": {"created": "2016-04-01T22:05:35.729Z", "start_time": "2016-04-01T22:05:35.674Z", "status": "", "table": 1, "customer": 6, "end_time": "2016-04-01T22:05:35.674Z"}}, {"model": "Tabook_models.reservation", "pk": 47, "fields": {"created": "2016-04-01T22:05:36.666Z", "start_time": "2016-04-01T22:05:36.642Z", "status": "", "table": 1, "customer": 6, "end_time": "2016-04-01T22:05:36.642Z"}}, {"model": "Tabook_models.reservation", "pk": 48, "fields": {"created": "2016-04-01T22:05:36.842Z", "start_time": "2016-04-01T22:05:36.810Z", "status": "", "table": 1, "customer": 6, "end_time": "2016-04-01T22:05:36.810Z"}}, {"model": "Tabook_models.reservation", "pk": 49, "fields": {"created": "2016-04-01T22:05:37.037Z", "start_time": "2016-04-01T22:05:36.999Z", "status": "", "table": 1, "customer": 6, "end_time": "2016-04-01T22:05:36.999Z"}}, {"model": "Tabook_models.reservation", "pk": 50, "fields": {"created": "2016-04-01T22:05:37.207Z", "start_time": "2016-04-01T22:05:37.176Z", "status": "", "table": 1, "customer": 6, "end_time": "2016-04-01T22:05:37.176Z"}}, {"model": "Tabook_models.reservation", "pk": 51, "fields": {"created": "2016-04-01T22:05:37.380Z", "start_time": "2016-04-01T22:05:37.321Z", "status": "", "table": 1, "customer": 6, "end_time": "2016-04-01T22:05:37.321Z"}}, {"model": "Tabook_models.reservation", "pk": 52, "fields": {"created": "2016-04-01T22:05:37.549Z", "start_time": "2016-04-01T22:05:37.490Z", "status": "", "table": 1, "customer": 6, "end_time": "2016-04-01T22:05:37.490Z"}}, {"model": "Tabook_models.reservation", "pk": 53, "fields": {"created": "2016-04-01T22:05:37.723Z", "start_time": "2016-04-01T22:05:37.679Z", "status": "", "table": 1, "customer": 6, "end_time": "2016-04-01T22:05:37.679Z"}}, {"model": "Tabook_models.reservation", "pk": 54, "fields": {"created": "2016-04-01T22:05:37.932Z", "start_time": "2016-04-01T22:05:37.847Z", "status": "", "table": 1, "customer": 6, "end_time": "2016-04-01T22:05:37.847Z"}}, {"model": "Tabook_models.reservation", "pk": 55, "fields": {"created": "2016-04-01T22:05:38.047Z", "start_time": "2016-04-01T22:05:37.990Z", "status": "", "table": 1, "customer": 6, "end_time": "2016-04-01T22:05:37.990Z"}}, {"model": "Tabook_models.reservation", "pk": 56, "fields": {"created": "2016-04-01T22:05:38.212Z", "start_time": "2016-04-01T22:05:38.170Z", "status": "", "table": 1, "customer": 6, "end_time": "2016-04-01T22:05:38.170Z"}}, {"model": "Tabook_models.reservation", "pk": 57, "fields": {"created": "2016-04-01T22:05:38.402Z", "start_time": "2016-04-01T22:05:38.372Z", "status": "", "table": 1, "customer": 6, "end_time": "2016-04-01T22:05:38.372Z"}}, {"model": "Tabook_models.reservation", "pk": 58, "fields": {"created": "2016-04-01T22:05:38.585Z", "start_time": "2016-04-01T22:05:38.549Z", "status": "", "table": 1, "customer": 6, "end_time": "2016-04-01T22:05:38.549Z"}}, {"model": "Tabook_models.reservation", "pk": 59, "fields": {"created": "2016-04-02T23:36:22.181Z", "start_time": "2016-04-02T23:36:22.151Z", "status": "", "table": 1, "customer": 8, "end_time": "2016-04-02T23:36:22.151Z"}}, {"model": "auth.permission", "pk": 1, "fields": {"codename": "add_logentry", "name": "Can add log entry", "content_type": ["admin", "logentry"]}}, {"model": "auth.permission", "pk": 2, "fields": {"codename": "change_logentry", "name": "Can change log entry", "content_type": ["admin", "logentry"]}}, {"model": "auth.permission", "pk": 3, "fields": {"codename": "delete_logentry", "name": "Can delete log entry", "content_type": ["admin", "logentry"]}}, {"model": "auth.permission", "pk": 4, "fields": {"codename": "add_permission", "name": "Can add permission", "content_type": ["auth", "permission"]}}, {"model": "auth.permission", "pk": 5, "fields": {"codename": "change_permission", "name": "Can change permission", "content_type": ["auth", "permission"]}}, {"model": "auth.permission", "pk": 6, "fields": {"codename": "delete_permission", "name": "Can delete permission", "content_type": ["auth", "permission"]}}, {"model": "auth.permission", "pk": 7, "fields": {"codename": "add_group", "name": "Can add group", "content_type": ["auth", "group"]}}, {"model": "auth.permission", "pk": 8, "fields": {"codename": "change_group", "name": "Can change group", "content_type": ["auth", "group"]}}, {"model": "auth.permission", "pk": 9, "fields": {"codename": "delete_group", "name": "Can delete group", "content_type": ["auth", "group"]}}, {"model": "auth.permission", "pk": 10, "fields": {"codename": "add_user", "name": "Can add user", "content_type": ["auth", "user"]}}, {"model": "auth.permission", "pk": 11, "fields": {"codename": "change_user", "name": "Can change user", "content_type": ["auth", "user"]}}, {"model": "auth.permission", "pk": 12, "fields": {"codename": "delete_user", "name": "Can delete user", "content_type": ["auth", "user"]}}, {"model": "auth.permission", "pk": 13, "fields": {"codename": "add_contenttype", "name": "Can add content type", "content_type": ["contenttypes", "contenttype"]}}, {"model": "auth.permission", "pk": 14, "fields": {"codename": "change_contenttype", "name": "Can change content type", "content_type": ["contenttypes", "contenttype"]}}, {"model": "auth.permission", "pk": 15, "fields": {"codename": "delete_contenttype", "name": "Can delete content type", "content_type": ["contenttypes", "contenttype"]}}, {"model": "auth.permission", "pk": 16, "fields": {"codename": "add_session", "name": "Can add session", "content_type": ["sessions", "session"]}}, {"model": "auth.permission", "pk": 17, "fields": {"codename": "change_session", "name": "Can change session", "content_type": ["sessions", "session"]}}, {"model": "auth.permission", "pk": 18, "fields": {"codename": "delete_session", "name": "Can delete session", "content_type": ["sessions", "session"]}}, {"model": "auth.permission", "pk": 19, "fields": {"codename": "add_authenticator", "name": "Can add authenticator", "content_type": ["Tabook_models", "authenticator"]}}, {"model": "auth.permission", "pk": 20, "fields": {"codename": "change_authenticator", "name": "Can change authenticator", "content_type": ["Tabook_models", "authenticator"]}}, {"model": "auth.permission", "pk": 21, "fields": {"codename": "delete_authenticator", "name": "Can delete authenticator", "content_type": ["Tabook_models", "authenticator"]}}, {"model": "auth.permission", "pk": 22, "fields": {"codename": "add_customer", "name": "Can add customer", "content_type": ["Tabook_models", "customer"]}}, {"model": "auth.permission", "pk": 23, "fields": {"codename": "change_customer", "name": "Can change customer", "content_type": ["Tabook_models", "customer"]}}, {"model": "auth.permission", "pk": 24, "fields": {"codename": "delete_customer", "name": "Can delete customer", "content_type": ["Tabook_models", "customer"]}}, {"model": "auth.permission", "pk": 25, "fields": {"codename": "add_restaurant", "name": "Can add restaurant", "content_type": ["Tabook_models", "restaurant"]}}, {"model": "auth.permission", "pk": 26, "fields": {"codename": "change_restaurant", "name": "Can change restaurant", "content_type": ["Tabook_models", "restaurant"]}}, {"model": "auth.permission", "pk": 27, "fields": {"codename": "delete_restaurant", "name": "Can delete restaurant", "content_type": ["Tabook_models", "restaurant"]}}, {"model": "auth.permission", "pk": 28, "fields": {"codename": "add_restauranthours", "name": "Can add restaurant hours", "content_type": ["Tabook_models", "restauranthours"]}}, {"model": "auth.permission", "pk": 29, "fields": {"codename": "change_restauranthours", "name": "Can change restaurant hours", "content_type": ["Tabook_models", "restauranthours"]}}, {"model": "auth.permission", "pk": 30, "fields": {"codename": "delete_restauranthours", "name": "Can delete restaurant hours", "content_type": ["Tabook_models", "restauranthours"]}}, {"model": "auth.permission", "pk": 31, "fields": {"codename": "add_table", "name": "Can add table", "content_type": ["Tabook_models", "table"]}}, {"model": "auth.permission", "pk": 32, "fields": {"codename": "change_table", "name": "Can change table", "content_type": ["Tabook_models", "table"]}}, {"model": "auth.permission", "pk": 33, "fields": {"codename": "delete_table", "name": "Can delete table", "content_type": ["Tabook_models", "table"]}}, {"model": "auth.permission", "pk": 34, "fields": {"codename": "add_reservation", "name": "Can add reservation", "content_type": ["Tabook_models", "reservation"]}}, {"model": "auth.permission", "pk": 35, "fields": {"codename": "change_reservation", "name": "Can change reservation", "content_type": ["Tabook_models", "reservation"]}}, {"model": "auth.permission", "pk": 36, "fields": {"codename": "delete_reservation", "name": "Can delete reservation", "content_type": ["Tabook_models", "reservation"]}}, {"model": "auth.permission", "pk": 37, "fields": {"codename": "add_review", "name": "Can add review", "content_type": ["Tabook_models", "review"]}}, {"model": "auth.permission", "pk": 38, "fields": {"codename": "change_review", "name": "Can change review", "content_type": ["Tabook_models", "review"]}}, {"model": "auth.permission", "pk": 39, "fields": {"codename": "delete_review", "name": "Can delete review", "content_type": ["Tabook_models", "review"]}}, {"model": "auth.user", "pk": 1, "fields": {"first_name": "", "is_active": true, "date_joined": "2016-03-21T21:12:08.147Z", "last_name": "", "groups": [], "email": "", "user_permissions": [], "is_superuser": true, "last_login": "2016-03-21T21:12:19.162Z", "is_staff": true, "username": "admin", "password": "pbkdf2_sha256$20000$JNulj58td3W8$laQ1RACZNN9uQy/V7y//b/wbDlQIWwPz8pqFnlkCvgU="}}, {"model": "auth.user", "pk": 2, "fields": {"first_name": "", "is_active": true, "date_joined": "2016-03-22T02:54:04.100Z", "last_name": "", "groups": [], "email": "", "user_permissions": [], "is_superuser": true, "last_login": "2016-03-22T02:54:12.557Z", "is_staff": true, "username": "xiongqian", "password": "pbkdf2_sha256$20000$8TRAvA8Z4rOr$7HqoClypOdTL/DTQKJ2cyv20msdTrL05pz3zFxkNSj0="}}, {"model": "admin.logentry", "pk": 1, "fields": {"user": ["admin"], "change_message": "", "object_id": "1", "action_flag": 1, "content_type": ["Tabook_models", "customer"], "action_time": "2016-03-21T21:13:32.738Z", "object_repr": "1 cus1"}}, {"model": "admin.logentry", "pk": 2, "fields": {"user": ["admin"], "change_message": "", "object_id": "2", "action_flag": 1, "content_type": ["Tabook_models", "customer"], "action_time": "2016-03-21T21:13:59.891Z", "object_repr": "2 cus2"}}, {"model": "admin.logentry", "pk": 3, "fields": {"user": ["admin"], "change_message": "", "object_id": "3", "action_flag": 1, "content_type": ["Tabook_models", "customer"], "action_time": "2016-03-21T21:14:38.444Z", "object_repr": "3 cus3"}}, {"model": "admin.logentry", "pk": 4, "fields": {"user": ["admin"], "change_message": "", "object_id": "1", "action_flag": 1, "content_type": ["Tabook_models", "restaurant"], "action_time": "2016-03-21T21:17:57.578Z", "object_repr": "1 rest1"}}, {"model": "admin.logentry", "pk": 5, "fields": {"user": ["admin"], "change_message": "", "object_id": "2", "action_flag": 1, "content_type": ["Tabook_models", "restaurant"], "action_time": "2016-03-21T21:19:05.064Z", "object_repr": "2 rest2"}}, {"model": "admin.logentry", "pk": 6, "fields": {"user": ["admin"], "change_message": "", "object_id": "3", "action_flag": 1, "content_type": ["Tabook_models", "restaurant"], "action_time": "2016-03-21T21:19:40.740Z", "object_repr": "3 rest3"}}, {"model": "admin.logentry", "pk": 7, "fields": {"user": ["admin"], "change_message": "", "object_id": "4", "action_flag": 1, "content_type": ["Tabook_models", "restaurant"], "action_time": "2016-03-21T21:20:38.163Z", "object_repr": "4 rest4"}}, {"model": "admin.logentry", "pk": 8, "fields": {"user": ["admin"], "change_message": "", "object_id": "1", "action_flag": 1, "content_type": ["Tabook_models", "reservation"], "action_time": "2016-03-21T21:34:00.528Z", "object_repr": "Reservation object"}}, {"model": "admin.logentry", "pk": 9, "fields": {"user": ["admin"], "change_message": "", "object_id": "2", "action_flag": 1, "content_type": ["Tabook_models", "reservation"], "action_time": "2016-03-21T21:34:33.208Z", "object_repr": "Reservation object"}}, {"model": "admin.logentry", "pk": 10, "fields": {"user": ["admin"], "change_message": "", "object_id": "3", "action_flag": 1, "content_type": ["Tabook_models", "reservation"], "action_time": "2016-03-21T21:35:19.086Z", "object_repr": "Reservation object"}}, {"model": "admin.logentry", "pk": 11, "fields": {"user": ["admin"], "change_message": "", "object_id": "4", "action_flag": 1, "content_type": ["Tabook_models", "reservation"], "action_time": "2016-03-21T21:37:19.296Z", "object_repr": "Reservation object"}}, {"model": "admin.logentry", "pk": 12, "fields": {"user": ["admin"], "change_message": "Changed start_time and end_time.", "object_id": "4", "action_flag": 2, "content_type": ["Tabook_models", "reservation"], "action_time": "2016-03-21T21:37:30.947Z", "object_repr": "Reservation object"}}, {"model": "admin.logentry", "pk": 13, "fields": {"user": ["admin"], "change_message": "Changed start_time and end_time.", "object_id": "3", "action_flag": 2, "content_type": ["Tabook_models", "reservation"], "action_time": "2016-03-21T21:37:42.156Z", "object_repr": "Reservation object"}}, {"model": "admin.logentry", "pk": 14, "fields": {"user": ["admin"], "change_message": "Changed start_time and end_time.", "object_id": "2", "action_flag": 2, "content_type": ["Tabook_models", "reservation"], "action_time": "2016-03-21T21:38:06.770Z", "object_repr": "Reservation object"}}, {"model": "admin.logentry", "pk": 15, "fields": {"user": ["admin"], "change_message": "Changed start_time and end_time.", "object_id": "1", "action_flag": 2, "content_type": ["Tabook_models", "reservation"], "action_time": "2016-03-21T21:38:15.289Z", "object_repr": "Reservation object"}}, {"model": "admin.logentry", "pk": 16, "fields": {"user": ["admin"], "change_message": "Changed password.", "object_id": "3", "action_flag": 2, "content_type": ["Tabook_models", "customer"], "action_time": "2016-03-21T21:42:05.971Z", "object_repr": "3 cus3"}}, {"model": "admin.logentry", "pk": 17, "fields": {"user": ["admin"], "change_message": "No fields changed.", "object_id": "3", "action_flag": 2, "content_type": ["Tabook_models", "customer"], "action_time": "2016-03-21T21:42:08.226Z", "object_repr": "3 cus3"}}, {"model": "admin.logentry", "pk": 18, "fields": {"user": ["admin"], "change_message": "Changed password.", "object_id": "2", "action_flag": 2, "content_type": ["Tabook_models", "customer"], "action_time": "2016-03-21T21:42:22.384Z", "object_repr": "2 cus2"}}, {"model": "admin.logentry", "pk": 19, "fields": {"user": ["admin"], "change_message": "Changed password.", "object_id": "1", "action_flag": 2, "content_type": ["Tabook_models", "customer"], "action_time": "2016-03-21T21:42:38.341Z", "object_repr": "1 cus1"}}, {"model": "admin.logentry", "pk": 20, "fields": {"user": ["admin"], "change_message": "Changed password.", "object_id": "1", "action_flag": 2, "content_type": ["Tabook_models", "restaurant"], "action_time": "2016-03-21T21:42:55.260Z", "object_repr": "1 rest1"}}, {"model": "admin.logentry", "pk": 21, "fields": {"user": ["admin"], "change_message": "Changed password.", "object_id": "2", "action_flag": 2, "content_type": ["Tabook_models", "restaurant"], "action_time": "2016-03-21T21:43:10.510Z", "object_repr": "2 rest2"}}, {"model": "admin.logentry", "pk": 22, "fields": {"user": ["admin"], "change_message": "Changed password.", "object_id": "3", "action_flag": 2, "content_type": ["Tabook_models", "restaurant"], "action_time": "2016-03-21T21:43:18.692Z", "object_repr": "3 rest3"}}, {"model": "admin.logentry", "pk": 23, "fields": {"user": ["admin"], "change_message": "Changed password.", "object_id": "4", "action_flag": 2, "content_type": ["Tabook_models", "restaurant"], "action_time": "2016-03-21T21:43:26.172Z", "object_repr": "4 rest4"}}, {"model": "admin.logentry", "pk": 24, "fields": {"user": ["xiongqian"], "change_message": "", "object_id": "1", "action_flag": 1, "content_type": ["Tabook_models", "table"], "action_time": "2016-03-22T02:54:23.613Z", "object_repr": "Table object"}}, {"model": "admin.logentry", "pk": 25, "fields": {"user": ["xiongqian"], "change_message": "", "object_id": "2", "action_flag": 1, "content_type": ["Tabook_models", "table"], "action_time": "2016-03-22T02:54:30.137Z", "object_repr": "Table object"}}, {"model": "admin.logentry", "pk": 26, "fields": {"user": ["xiongqian"], "change_message": "", "object_id": "3", "action_flag": 1, "content_type": ["Tabook_models", "table"], "action_time": "2016-03-22T02:54:35.911Z", "object_repr": "Table object"}}, {"model": "admin.logentry", "pk": 27, "fields": {"user": ["xiongqian"], "change_message": "", "object_id": "4", "action_flag": 1, "content_type": ["Tabook_models", "table"], "action_time": "2016-03-22T02:54:41.055Z", "object_repr": "Table object"}}, {"model": "admin.logentry", "pk": 28, "fields": {"user": ["xiongqian"], "change_message": "", "object_id": "5", "action_flag": 1, "content_type": ["Tabook_models", "table"], "action_time": "2016-03-22T02:54:47.219Z", "object_repr": "Table object"}}, {"model": "admin.logentry", "pk": 29, "fields": {"user": ["xiongqian"], "change_message": "", "object_id": "6", "action_flag": 1, "content_type": ["Tabook_models", "table"], "action_time": "2016-03-22T02:54:52.778Z", "object_repr": "Table object"}}, {"model": "admin.logentry", "pk": 30, "fields": {"user": ["xiongqian"], "change_message": "", "object_id": "7", "action_flag": 1, "content_type": ["Tabook_models", "table"], "action_time": "2016-03-22T02:54:57.846Z", "object_repr": "Table object"}}, {"model": "admin.logentry", "pk": 31, "fields": {"user": ["xiongqian"], "change_message": "", "object_id": "8", "action_flag": 1, "content_type": ["Tabook_models", "table"], "action_time": "2016-03-22T02:55:04.020Z", "object_repr": "Table object"}}, {"model": "admin.logentry", "pk": 32, "fields": {"user": ["xiongqian"], "change_message": "", "object_id": "9", "action_flag": 1, "content_type": ["Tabook_models", "table"], "action_time": "2016-03-22T02:55:10.618Z", "object_repr": "Table object"}}, {"model": "admin.logentry", "pk": 33, "fields": {"user": ["admin"], "change_message": "", "object_id": "12", "action_flag": 3, "content_type": ["Tabook_models", "reservation"], "action_time": "2016-04-01T21:15:11.328Z", "object_repr": "Reservation object"}}, {"model": "admin.logentry", "pk": 34, "fields": {"user": ["admin"], "change_message": "", "object_id": "11", "action_flag": 3, "content_type": ["Tabook_models", "reservation"], "action_time": "2016-04-01T21:15:11.388Z", "object_repr": "Reservation object"}}, {"model": "admin.logentry", "pk": 35, "fields": {"user": ["admin"], "change_message": "", "object_id": "10", "action_flag": 3, "content_type": ["Tabook_models", "reservation"], "action_time": "2016-04-01T21:15:11.422Z", "object_repr": "Reservation object"}}, {"model": "admin.logentry", "pk": 36, "fields": {"user": ["admin"], "change_message": "", "object_id": "9", "action_flag": 3, "content_type": ["Tabook_models", "reservation"], "action_time": "2016-04-01T21:15:11.455Z", "object_repr": "Reservation object"}}, {"model": "admin.logentry", "pk": 37, "fields": {"user": ["admin"], "change_message": "", "object_id": "8", "action_flag": 3, "content_type": ["Tabook_models", "reservation"], "action_time": "2016-04-01T21:15:11.489Z", "object_repr": "Reservation object"}}, {"model": "admin.logentry", "pk": 38, "fields": {"user": ["admin"], "change_message": "", "object_id": "7", "action_flag": 3, "content_type": ["Tabook_models", "reservation"], "action_time": "2016-04-01T21:15:11.555Z", "object_repr": "Reservation object"}}, {"model": "admin.logentry", "pk": 39, "fields": {"user": ["admin"], "change_message": "", "object_id": "6", "action_flag": 3, "content_type": ["Tabook_models", "reservation"], "action_time": "2016-04-01T21:15:11.631Z", "object_repr": "Reservation object"}}, {"model": "admin.logentry", "pk": 40, "fields": {"user": ["admin"], "change_message": "", "object_id": "5", "action_flag": 3, "content_type": ["Tabook_models", "reservation"], "action_time": "2016-04-01T21:15:11.675Z", "object_repr": "Reservation object"}}, {"model": "admin.logentry", "pk": 41, "fields": {"user": ["admin"], "change_message": "", "object_id": "4", "action_flag": 3, "content_type": ["Tabook_models", "reservation"], "action_time": "2016-04-01T21:15:11.709Z", "object_repr": "Reservation object"}}, {"model": "admin.logentry", "pk": 42, "fields": {"user": ["admin"], "change_message": "", "object_id": "3", "action_flag": 3, "content_type": ["Tabook_models", "reservation"], "action_time": "2016-04-01T21:15:11.742Z", "object_repr": "Reservation object"}}, {"model": "admin.logentry", "pk": 43, "fields": {"user": ["admin"], "change_message": "", "object_id": "2", "action_flag": 3, "content_type": ["Tabook_models", "reservation"], "action_time": "2016-04-01T21:15:11.777Z", "object_repr": "Reservation object"}}, {"model": "admin.logentry", "pk": 44, "fields": {"user": ["admin"], "change_message": "", "object_id": "1", "action_flag": 3, "content_type": ["Tabook_models", "reservation"], "action_time": "2016-04-01T21:15:11.810Z", "object_repr": "Reservation object"}}, {"model": "admin.logentry", "pk": 45, "fields": {"user": ["admin"], "change_message": "", "object_id": "19", "action_flag": 3, "content_type": ["Tabook_models", "reservation"], "action_time": "2016-04-01T21:17:09.513Z", "object_repr": "Reservation object"}}, {"model": "admin.logentry", "pk": 46, "fields": {"user": ["admin"], "change_message": "", "object_id": "18", "action_flag": 3, "content_type": ["Tabook_models", "reservation"], "action_time": "2016-04-01T21:17:09.583Z", "object_repr": "Reservation object"}}, {"model": "admin.logentry", "pk": 47, "fields": {"user": ["admin"], "change_message": "", "object_id": "17", "action_flag": 3, "content_type": ["Tabook_models", "reservation"], "action_time": "2016-04-01T21:17:09.616Z", "object_repr": "Reservation object"}}, {"model": "admin.logentry", "pk": 48, "fields": {"user": ["admin"], "change_message": "", "object_id": "16", "action_flag": 3, "content_type": ["Tabook_models", "reservation"], "action_time": "2016-04-01T21:17:09.650Z", "object_repr": "Reservation object"}}, {"model": "admin.logentry", "pk": 49, "fields": {"user": ["admin"], "change_message": "", "object_id": "15", "action_flag": 3, "content_type": ["Tabook_models", "reservation"], "action_time": "2016-04-01T21:17:09.683Z", "object_repr": "Reservation object"}}, {"model": "admin.logentry", "pk": 50, "fields": {"user": ["admin"], "change_message": "", "object_id": "14", "action_flag": 3, "content_type": ["Tabook_models", "reservation"], "action_time": "2016-04-01T21:17:09.717Z", "object_repr": "Reservation object"}}, {"model": "admin.logentry", "pk": 51, "fields": {"user": ["admin"], "change_message": "", "object_id": "13", "action_flag": 3, "content_type": ["Tabook_models", "reservation"], "action_time": "2016-04-01T21:17:09.750Z", "object_repr": "Reservation object"}}, {"model": "admin.logentry", "pk": 52, "fields": {"user": ["admin"], "change_message": "", "object_id": "34", "action_flag": 3, "content_type": ["Tabook_models", "reservation"], "action_time": "2016-04-01T21:17:59.319Z", "object_repr": "Reservation object"}}, {"model": "admin.logentry", "pk": 53, "fields": {"user": ["admin"], "change_message": "", "object_id": "33", "action_flag": 3, "content_type": ["Tabook_models", "reservation"], "action_time": "2016-04-01T21:17:59.355Z", "object_repr": "Reservation object"}}, {"model": "admin.logentry", "pk": 54, "fields": {"user": ["admin"], "change_message": "", "object_id": "32", "action_flag": 3, "content_type": ["Tabook_models", "reservation"], "action_time": "2016-04-01T21:17:59.380Z", "object_repr": "Reservation object"}}, {"model": "admin.logentry", "pk": 55, "fields": {"user": ["admin"], "change_message": "", "object_id": "31", "action_flag": 3, "content_type": ["Tabook_models", "reservation"], "action_time": "2016-04-01T21:17:59.405Z", "object_repr": "Reservation object"}}, {"model": "admin.logentry", "pk": 56, "fields": {"user": ["admin"], "change_message": "", "object_id": "30", "action_flag": 3, "content_type": ["Tabook_models", "reservation"], "action_time": "2016-04-01T21:17:59.431Z", "object_repr": "Reservation object"}}, {"model": "admin.logentry", "pk": 57, "fields": {"user": ["admin"], "change_message": "", "object_id": "29", "action_flag": 3, "content_type": ["Tabook_models", "reservation"], "action_time": "2016-04-01T21:17:59.456Z", "object_repr": "Reservation object"}}, {"model": "admin.logentry", "pk": 58, "fields": {"user": ["admin"], "change_message": "", "object_id": "28", "action_flag": 3, "content_type": ["Tabook_models", "reservation"], "action_time": "2016-04-01T21:17:59.481Z", "object_repr": "Reservation object"}}, {"model": "admin.logentry", "pk": 59, "fields": {"user": ["admin"], "change_message": "", "object_id": "27", "action_flag": 3, "content_type": ["Tabook_models", "reservation"], "action_time": "2016-04-01T21:17:59.531Z", "object_repr": "Reservation object"}}, {"model": "admin.logentry", "pk": 60, "fields": {"user": ["admin"], "change_message": "", "object_id": "26", "action_flag": 3, "content_type": ["Tabook_models", "reservation"], "action_time": "2016-04-01T21:17:59.582Z", "object_repr": "Reservation object"}}, {"model": "admin.logentry", "pk": 61, "fields": {"user": ["admin"], "change_message": "", "object_id": "25", "action_flag": 3, "content_type": ["Tabook_models", "reservation"], "action_time": "2016-04-01T21:17:59.607Z", "object_repr": "Reservation object"}}, {"model": "admin.logentry", "pk": 62, "fields": {"user": ["admin"], "change_message": "", "object_id": "24", "action_flag": 3, "content_type": ["Tabook_models", "reservation"], "action_time": "2016-04-01T21:17:59.632Z", "object_repr": "Reservation object"}}, {"model": "admin.logentry", "pk": 63, "fields": {"user": ["admin"], "change_message": "", "object_id": "23", "action_flag": 3, "content_type": ["Tabook_models", "reservation"], "action_time": "2016-04-01T21:17:59.665Z", "object_repr": "Reservation object"}}, {"model": "admin.logentry", "pk": 64, "fields": {"user": ["admin"], "change_message": "", "object_id": "22", "action_flag": 3, "content_type": ["Tabook_models", "reservation"], "action_time": "2016-04-01T21:17:59.690Z", "object_repr": "Reservation object"}}, {"model": "admin.logentry", "pk": 65, "fields": {"user": ["admin"], "change_message": "", "object_id": "21", "action_flag": 3, "content_type": ["Tabook_models", "reservation"], "action_time": "2016-04-01T21:17:59.716Z", "object_repr": "Reservation object"}}, {"model": "admin.logentry", "pk": 66, "fields": {"user": ["admin"], "change_message": "", "object_id": "20", "action_flag": 3, "content_type": ["Tabook_models", "reservation"], "action_time": "2016-04-01T21:17:59.741Z", "object_repr": "Reservation object"}}, {"model": "admin.logentry", "pk": 67, "fields": {"user": ["admin"], "change_message": "", "object_id": "9", "action_flag": 3, "content_type": ["Tabook_models", "customer"], "action_time": "2016-04-19T03:17:25.626Z", "object_repr": "9 admin"}}]