[{"pk": 1, "fields": {"app_label": "admin", "model": "logentry"}, "model": "contenttypes.contenttype"}, {"pk": 2, "fields": {"app_label": "auth", "model": "permission"}, "model": "contenttypes.contenttype"}, {"pk": 3, "fields": {"app_label": "auth", "model": "group"}, "model": "contenttypes.contenttype"}, {"pk": 4, "fields": {"app_label": "auth", "model": "user"}, "model": "contenttypes.contenttype"}, {"pk": 5, "fields": {"app_label": "contenttypes", "model": "contenttype"}, "model": "contenttypes.contenttype"}, {"pk": 6, "fields": {"app_label": "sessions", "model": "session"}, "model": "contenttypes.contenttype"}, {"pk": 7, "fields": {"app_label": "Tabook_models", "model": "customer"}, "model": "contenttypes.contenttype"}, {"pk": 8, "fields": {"app_label": "Tabook_models", "model": "restaurant"}, "model": "contenttypes.contenttype"}, {"pk": 9, "fields": {"app_label": "Tabook_models", "model": "restauranthours"}, "model": "contenttypes.contenttype"}, {"pk": 10, "fields": {"app_label": "Tabook_models", "model": "table"}, "model": "contenttypes.contenttype"}, {"pk": 11, "fields": {"app_label": "Tabook_models", "model": "reservation"}, "model": "contenttypes.contenttype"}, {"pk": 12, "fields": {"app_label": "Tabook_models", "model": "review"}, "model": "contenttypes.contenttype"}, {"pk": 1, "fields": {"first_name": null, "password": "roar", "phone": "55555", "email": "roar@lion.zoo", "username": "qx2dk", "last_name": null}, "model": "Tabook_models.customer"}, {"pk": 2, "fields": {"first_name": null, "password": "meow", "phone": "333", "email": "meow@cat.zoo", "username": "yn9sa", "last_name": null}, "model": "Tabook_models.customer"}, {"pk": 3, "fields": {"first_name": null, "password": "pass", "phone": "00000", "email": "user@user.com", "username": "user", "last_name": null}, "model": "Tabook_models.customer"}, {"pk": 4, "fields": {"first_name": null, "password": "roar", "phone": "55555", "email": "roar@lion.zoo", "username": "qx2dk", "last_name": null}, "model": "Tabook_models.customer"}, {"pk": 5, "fields": {"first_name": null, "password": "meow", "phone": "333", "email": "meow@cat.zoo", "username": "yn9sa", "last_name": null}, "model": "Tabook_models.customer"}, {"pk": 6, "fields": {"first_name": null, "password": "pass", "phone": "00000", "email": "user@user.com", "username": "user", "last_name": null}, "model": "Tabook_models.customer"}, {"pk": 7, "fields": {"first_name": null, "password": "roar", "phone": "55555", "email": "roar@lion.zoo", "username": "qx2dk", "last_name": null}, "model": "Tabook_models.customer"}, {"pk": 8, "fields": {"first_name": null, "password": "meow", "phone": "333", "email": "meow@cat.zoo", "username": "yn9sa", "last_name": null}, "model": "Tabook_models.customer"}, {"pk": 9, "fields": {"first_name": null, "password": "pass", "phone": "00000", "email": "user@user.com", "username": "user", "last_name": null}, "model": "Tabook_models.customer"}, {"pk": 1, "fields": {"address": "", "password": "roar", "phone": "55555", "email": "roar@lion.zoo", "restaurant_name": "", "username": "lion", "category": "unclassified", "price_range": 0}, "model": "Tabook_models.restaurant"}, {"pk": 2, "fields": {"address": "", "password": "meow", "phone": "333", "email": "meow@cat.zoo", "restaurant_name": "", "username": "cat", "category": "unclassified", "price_range": 0}, "model": "Tabook_models.restaurant"}, {"pk": 3, "fields": {"address": "", "password": "roar", "phone": "55555", "email": "roar@lion.zoo", "restaurant_name": "", "username": "lion", "category": "unclassified", "price_range": 0}, "model": "Tabook_models.restaurant"}, {"pk": 4, "fields": {"address": "", "password": "meow", "phone": "333", "email": "meow@cat.zoo", "restaurant_name": "", "username": "cat", "category": "unclassified", "price_range": 0}, "model": "Tabook_models.restaurant"}, {"pk": 5, "fields": {"address": "Rice 340", "password": "roar", "phone": "55555", "email": "roar@lion.zoo", "restaurant_name": "Aha Restaurant", "username": "lion", "category": "unclassified", "price_range": 0}, "model": "Tabook_models.restaurant"}, {"pk": 6, "fields": {"address": "somewhere", "password": "meow", "phone": "333", "email": "meow@cat.zoo", "restaurant_name": "Blah Cafe", "username": "cat", "category": "unclassified", "price_range": 0}, "model": "Tabook_models.restaurant"}, {"pk": 1, "fields": {"capacity": 4, "restaurant": 1, "y_coordinate": null, "style": "unspecified", "x_coordinate": null}, "model": "Tabook_models.table"}, {"pk": 2, "fields": {"capacity": 4, "restaurant": 1, "y_coordinate": null, "style": "unspecified", "x_coordinate": null}, "model": "Tabook_models.table"}, {"pk": 3, "fields": {"capacity": 3, "restaurant": 1, "y_coordinate": null, "style": "unspecified", "x_coordinate": null}, "model": "Tabook_models.table"}, {"pk": 4, "fields": {"capacity": 3, "restaurant": 1, "y_coordinate": null, "style": "unspecified", "x_coordinate": null}, "model": "Tabook_models.table"}, {"pk": 5, "fields": {"capacity": 3, "restaurant": 1, "y_coordinate": null, "style": "unspecified", "x_coordinate": null}, "model": "Tabook_models.table"}, {"pk": 6, "fields": {"capacity": 3, "restaurant": 2, "y_coordinate": null, "style": "unspecified", "x_coordinate": null}, "model": "Tabook_models.table"}, {"pk": 7, "fields": {"capacity": 3, "restaurant": 2, "y_coordinate": null, "style": "unspecified", "x_coordinate": null}, "model": "Tabook_models.table"}, {"pk": 8, "fields": {"capacity": 3, "restaurant": 2, "y_coordinate": null, "style": "unspecified", "x_coordinate": null}, "model": "Tabook_models.table"}, {"pk": 9, "fields": {"capacity": 2, "restaurant": 2, "y_coordinate": null, "style": "unspecified", "x_coordinate": null}, "model": "Tabook_models.table"}, {"pk": 10, "fields": {"capacity": 2, "restaurant": 2, "y_coordinate": null, "style": "unspecified", "x_coordinate": null}, "model": "Tabook_models.table"}, {"pk": 11, "fields": {"capacity": 4, "restaurant": 3, "y_coordinate": null, "style": "unspecified", "x_coordinate": null}, "model": "Tabook_models.table"}, {"pk": 12, "fields": {"capacity": 4, "restaurant": 3, "y_coordinate": null, "style": "unspecified", "x_coordinate": null}, "model": "Tabook_models.table"}, {"pk": 13, "fields": {"capacity": 3, "restaurant": 3, "y_coordinate": null, "style": "unspecified", "x_coordinate": null}, "model": "Tabook_models.table"}, {"pk": 14, "fields": {"capacity": 3, "restaurant": 3, "y_coordinate": null, "style": "unspecified", "x_coordinate": null}, "model": "Tabook_models.table"}, {"pk": 15, "fields": {"capacity": 3, "restaurant": 3, "y_coordinate": null, "style": "unspecified", "x_coordinate": null}, "model": "Tabook_models.table"}, {"pk": 16, "fields": {"capacity": 3, "restaurant": 4, "y_coordinate": null, "style": "unspecified", "x_coordinate": null}, "model": "Tabook_models.table"}, {"pk": 17, "fields": {"capacity": 3, "restaurant": 4, "y_coordinate": null, "style": "unspecified", "x_coordinate": null}, "model": "Tabook_models.table"}, {"pk": 18, "fields": {"capacity": 3, "restaurant": 4, "y_coordinate": null, "style": "unspecified", "x_coordinate": null}, "model": "Tabook_models.table"}, {"pk": 19, "fields": {"capacity": 2, "restaurant": 4, "y_coordinate": null, "style": "unspecified", "x_coordinate": null}, "model": "Tabook_models.table"}, {"pk": 20, "fields": {"capacity": 2, "restaurant": 4, "y_coordinate": null, "style": "unspecified", "x_coordinate": null}, "model": "Tabook_models.table"}, {"pk": 21, "fields": {"capacity": 4, "restaurant": 5, "y_coordinate": null, "style": "unspecified", "x_coordinate": null}, "model": "Tabook_models.table"}, {"pk": 22, "fields": {"capacity": 4, "restaurant": 5, "y_coordinate": null, "style": "unspecified", "x_coordinate": null}, "model": "Tabook_models.table"}, {"pk": 23, "fields": {"capacity": 3, "restaurant": 5, "y_coordinate": null, "style": "unspecified", "x_coordinate": null}, "model": "Tabook_models.table"}, {"pk": 24, "fields": {"capacity": 3, "restaurant": 5, "y_coordinate": null, "style": "unspecified", "x_coordinate": null}, "model": "Tabook_models.table"}, {"pk": 25, "fields": {"capacity": 3, "restaurant": 5, "y_coordinate": null, "style": "unspecified", "x_coordinate": null}, "model": "Tabook_models.table"}, {"pk": 26, "fields": {"capacity": 3, "restaurant": 6, "y_coordinate": null, "style": "unspecified", "x_coordinate": null}, "model": "Tabook_models.table"}, {"pk": 27, "fields": {"capacity": 3, "restaurant": 6, "y_coordinate": null, "style": "unspecified", "x_coordinate": null}, "model": "Tabook_models.table"}, {"pk": 28, "fields": {"capacity": 3, "restaurant": 6, "y_coordinate": null, "style": "unspecified", "x_coordinate": null}, "model": "Tabook_models.table"}, {"pk": 29, "fields": {"capacity": 2, "restaurant": 6, "y_coordinate": null, "style": "unspecified", "x_coordinate": null}, "model": "Tabook_models.table"}, {"pk": 30, "fields": {"capacity": 2, "restaurant": 6, "y_coordinate": null, "style": "unspecified", "x_coordinate": null}, "model": "Tabook_models.table"}, {"pk": 1, "fields": {"codename": "add_logentry", "name": "Can add log entry", "content_type": ["admin", "logentry"]}, "model": "auth.permission"}, {"pk": 2, "fields": {"codename": "change_logentry", "name": "Can change log entry", "content_type": ["admin", "logentry"]}, "model": "auth.permission"}, {"pk": 3, "fields": {"codename": "delete_logentry", "name": "Can delete log entry", "content_type": ["admin", "logentry"]}, "model": "auth.permission"}, {"pk": 4, "fields": {"codename": "add_permission", "name": "Can add permission", "content_type": ["auth", "permission"]}, "model": "auth.permission"}, {"pk": 5, "fields": {"codename": "change_permission", "name": "Can change permission", "content_type": ["auth", "permission"]}, "model": "auth.permission"}, {"pk": 6, "fields": {"codename": "delete_permission", "name": "Can delete permission", "content_type": ["auth", "permission"]}, "model": "auth.permission"}, {"pk": 7, "fields": {"codename": "add_group", "name": "Can add group", "content_type": ["auth", "group"]}, "model": "auth.permission"}, {"pk": 8, "fields": {"codename": "change_group", "name": "Can change group", "content_type": ["auth", "group"]}, "model": "auth.permission"}, {"pk": 9, "fields": {"codename": "delete_group", "name": "Can delete group", "content_type": ["auth", "group"]}, "model": "auth.permission"}, {"pk": 10, "fields": {"codename": "add_user", "name": "Can add user", "content_type": ["auth", "user"]}, "model": "auth.permission"}, {"pk": 11, "fields": {"codename": "change_user", "name": "Can change user", "content_type": ["auth", "user"]}, "model": "auth.permission"}, {"pk": 12, "fields": {"codename": "delete_user", "name": "Can delete user", "content_type": ["auth", "user"]}, "model": "auth.permission"}, {"pk": 13, "fields": {"codename": "add_contenttype", "name": "Can add content type", "content_type": ["contenttypes", "contenttype"]}, "model": "auth.permission"}, {"pk": 14, "fields": {"codename": "change_contenttype", "name": "Can change content type", "content_type": ["contenttypes", "contenttype"]}, "model": "auth.permission"}, {"pk": 15, "fields": {"codename": "delete_contenttype", "name": "Can delete content type", "content_type": ["contenttypes", "contenttype"]}, "model": "auth.permission"}, {"pk": 16, "fields": {"codename": "add_session", "name": "Can add session", "content_type": ["sessions", "session"]}, "model": "auth.permission"}, {"pk": 17, "fields": {"codename": "change_session", "name": "Can change session", "content_type": ["sessions", "session"]}, "model": "auth.permission"}, {"pk": 18, "fields": {"codename": "delete_session", "name": "Can delete session", "content_type": ["sessions", "session"]}, "model": "auth.permission"}, {"pk": 19, "fields": {"codename": "add_customer", "name": "Can add customer", "content_type": ["Tabook_models", "customer"]}, "model": "auth.permission"}, {"pk": 20, "fields": {"codename": "change_customer", "name": "Can change customer", "content_type": ["Tabook_models", "customer"]}, "model": "auth.permission"}, {"pk": 21, "fields": {"codename": "delete_customer", "name": "Can delete customer", "content_type": ["Tabook_models", "customer"]}, "model": "auth.permission"}, {"pk": 22, "fields": {"codename": "add_restaurant", "name": "Can add restaurant", "content_type": ["Tabook_models", "restaurant"]}, "model": "auth.permission"}, {"pk": 23, "fields": {"codename": "change_restaurant", "name": "Can change restaurant", "content_type": ["Tabook_models", "restaurant"]}, "model": "auth.permission"}, {"pk": 24, "fields": {"codename": "delete_restaurant", "name": "Can delete restaurant", "content_type": ["Tabook_models", "restaurant"]}, "model": "auth.permission"}, {"pk": 25, "fields": {"codename": "add_restauranthours", "name": "Can add restaurant hours", "content_type": ["Tabook_models", "restauranthours"]}, "model": "auth.permission"}, {"pk": 26, "fields": {"codename": "change_restauranthours", "name": "Can change restaurant hours", "content_type": ["Tabook_models", "restauranthours"]}, "model": "auth.permission"}, {"pk": 27, "fields": {"codename": "delete_restauranthours", "name": "Can delete restaurant hours", "content_type": ["Tabook_models", "restauranthours"]}, "model": "auth.permission"}, {"pk": 28, "fields": {"codename": "add_table", "name": "Can add table", "content_type": ["Tabook_models", "table"]}, "model": "auth.permission"}, {"pk": 29, "fields": {"codename": "change_table", "name": "Can change table", "content_type": ["Tabook_models", "table"]}, "model": "auth.permission"}, {"pk": 30, "fields": {"codename": "delete_table", "name": "Can delete table", "content_type": ["Tabook_models", "table"]}, "model": "auth.permission"}, {"pk": 31, "fields": {"codename": "add_reservation", "name": "Can add reservation", "content_type": ["Tabook_models", "reservation"]}, "model": "auth.permission"}, {"pk": 32, "fields": {"codename": "change_reservation", "name": "Can change reservation", "content_type": ["Tabook_models", "reservation"]}, "model": "auth.permission"}, {"pk": 33, "fields": {"codename": "delete_reservation", "name": "Can delete reservation", "content_type": ["Tabook_models", "reservation"]}, "model": "auth.permission"}, {"pk": 34, "fields": {"codename": "add_review", "name": "Can add review", "content_type": ["Tabook_models", "review"]}, "model": "auth.permission"}, {"pk": 35, "fields": {"codename": "change_review", "name": "Can change review", "content_type": ["Tabook_models", "review"]}, "model": "auth.permission"}, {"pk": 36, "fields": {"codename": "delete_review", "name": "Can delete review", "content_type": ["Tabook_models", "review"]}, "model": "auth.permission"}]